{ "its": [ { "clegId": "32:a,b,c","det": 1.0,"gen": [ "x,y,z","-x,-y,z","x+1/2,-y+1/2,z" ],"gp": [ "x,y,z","-x,-y,z","x+1/2,-y+1/2,z","-x+1/2,y+1/2,z" ],"hall": "P 2 -2ab","hm": "P b a 2","id": "P_b_a_2","jmolId": "32","set": 1,"sg": 32,"trm": "a,b,c","wpos": { "pos": [ { "desc": "1","geom": "general","label": "c","mult": 4 },{ "coord": [ "0,1/2,z","1/2,0,z" ],"desc": "..2","geom": "line","label": "b","mult": 2 },{ "coord": [ "0,0,z","1/2,1/2,z" ],"desc": "..2","geom": "line","label": "a","mult": 2 } ] } },{ "clegId": "32:c,a,b","det": 1.0,"gen": [ "x,y,z","x,-y,-z","x,y+1/2,-z+1/2" ],"gp": [ "x,y,z","x,-y,-z","x,y+1/2,-z+1/2","x,-y+1/2,z+1/2" ],"hall": "P -2bc 2","hm": "P 2 c b","id": "P_2_c_b","jmolId": "32:cab","set": 2,"sg": 32,"trm": "c,a,b","wpos": { "pos": [ { "desc": "1","geom": "general","label": "c","mult": 4 },{ "coord": [ "z,0,1/2","z,1/2,0" ],"desc": "..2","geom": "line","label": "b","mult": 2 },{ "coord": [ "z,0,0","z,1/2,1/2" ],"desc": "..2","geom": "line","label": "a","mult": 2 } ] } },{ "clegId": "32:b,c,a","det": 1.0,"gen": [ "x,y,z","-x,y,-z","-x+1/2,y,z+1/2" ],"gp": [ "x,y,z","-x,y,-z","-x+1/2,y,z+1/2","x+1/2,y,-z+1/2" ],"hall": "P -2ac -2ac","hm": "P c 2 a","id": "P_c_2_a","jmolId": "32:bca","set": 3,"sg": 32,"trm": "b,c,a","wpos": { "pos": [ { "desc": "1","geom": "general","label": "c","mult": 4 },{ "coord": [ "1/2,z,0","0,z,1/2" ],"desc": "..2","geom": "line","label": "b","mult": 2 },{ "coord": [ "0,z,0","1/2,z,1/2" ],"desc": "..2","geom": "line","label": "a","mult": 2 } ] } } ],"n": 3,"sg": 32 }